Tanggal,IRMedPW,RR
2017-01-01,8500,17.4
2017-01-02,8500,18.7
2017-01-03,8500,19.3
2017-01-04,8500,13.52
2017-01-05,8500,0.4
2017-01-06,8500,57.9
2017-01-07,8500,12.6
2017-01-08,8500,13.52
2017-01-09,8500,13.52
2017-01-10,8500,66.3
2017-01-11,8500,13.52
2017-01-12,8500,13.52
2017-01-13,8500,13.52
2017-01-14,8500,12.5
2017-01-15,8500,13.52
2017-01-16,8500,1.2
2017-01-17,8500,7.4
2017-01-18,8500,19.6
2017-01-19,8500,0.2
2017-01-20,8500,22
2017-01-21,8500,9
2017-01-22,8500,3.3
2017-01-23,8500,1.6
2017-01-24,8500,13.52
2017-01-25,8500,13.52
2017-01-26,8500,10.2
2017-01-27,8500,0
2017-01-28,8500,3.8
2017-01-29,8500,5.6
2017-01-30,8500,7.6
2017-01-31,8500,0.8
2017-02-01,8500,43.5
2017-02-02,8500,23.4
2017-02-03,8500,1
2017-02-04,8500,0
2017-02-05,8500,18.19
2017-02-06,8500,18.19
2017-02-07,8500,18.19
2017-02-08,8500,5.3
2017-02-09,8500,18.19
2017-02-10,8500,28.3
2017-02-11,8500,21.2
2017-02-12,8500,3.1
2017-02-13,8500,38.9
2017-02-14,8500,44.7
2017-02-15,8500,18.19
2017-02-16,8500,1
2017-02-17,8500,6.6
2017-02-18,8500,0.5
2017-02-19,8500,18.19
2017-02-20,8500,18.19
2017-02-21,8500,39.7
2017-02-22,8500,6.5
2017-02-23,8500,40.4
2017-02-24,8500,18.19
2017-02-25,8500,11.7
2017-02-26,8500,18.19
2017-02-27,8500,0
2017-02-28,8500,29.9
2017-03-01,8500,0.2
2017-03-02,8500,0.4
2017-03-03,8500,6.4
2017-03-04,8427,32.4
2017-03-05,8427,6.23
2017-03-06,8500,6.23
2017-03-07,8500,6.23
2017-03-08,8500,6.23
2017-03-09,8500,6.23
2017-03-10,8500,0
2017-03-11,8427,0
2017-03-12,8427,10.4
2017-03-13,8500,6.23
2017-03-14,8500,30.7
2017-03-15,8500,3.4
2017-03-16,8500,6.23
2017-03-17,8500,6.23
2017-03-18,8427,9.4
2017-03-19,8427,6.23
2017-03-20,8500,6.23
2017-03-21,8300,2.8
2017-03-22,8300,19.3
2017-03-23,8300,0
2017-03-24,8300,0
2017-03-25,8427,0.2
2017-03-26,8427,3.6
2017-03-27,8300,1.6
2017-03-28,8427,0
2017-03-29,8300,10
2017-03-30,8300,0
2017-03-31,8300,0
2017-04-01,8400,2.4
2017-04-02,8400,22.06
2017-04-03,8300,103.2
2017-04-04,8300,22.06
2017-04-05,8300,82.1
2017-04-06,8300,22
2017-04-07,8300,5.3
2017-04-08,8400,22.06
2017-04-09,8400,22.06
2017-04-10,8300,0
2017-04-11,8300,22.06
2017-04-12,8300,2.5
2017-04-13,8400,22.3
2017-04-14,8400,3.4
2017-04-15,8400,22.06
2017-04-16,8400,0
2017-04-17,8500,0
2017-04-18,8400,43.4
2017-04-19,8500,22.06
2017-04-20,8500,22.06
2017-04-21,8500,22.06
2017-04-22,8400,22.06
2017-04-23,8400,22.06
2017-04-24,8400,0.3
2017-04-25,8500,22.06
2017-04-26,8500,52.3
2017-04-27,8500,22.06
2017-04-28,8500,12.9
2017-04-29,8400,21.5
2017-04-30,8400,1.5
2017-05-01,8617,5
2017-05-02,8500,4.3
2017-05-03,8500,9.8
2017-05-04,8500,2.5
2017-05-05,8500,5
2017-05-06,8617,0.1
2017-05-07,8617,4.8
2017-05-08,8500,5
2017-05-09,8500,2.1
2017-05-10,8500,5
2017-05-11,8617,0.4
2017-05-12,8500,0
2017-05-13,8617,19.4
2017-05-14,8617,5
2017-05-15,8617,0
2017-05-16,8617,5
2017-05-17,8500,0
2017-05-18,8500,5
2017-05-19,8500,5
2017-05-20,8617,5
2017-05-21,8617,5
2017-05-22,8500,5
2017-05-23,8700,0.9
2017-05-24,8700,5
2017-05-25,8617,5
2017-05-26,8700,5
2017-05-27,8617,2.5
2017-05-28,8617,5
2017-05-29,9000,28.2
2017-05-30,9000,0
2017-05-31,9000,65.2
2017-06-01,9000,17.59
2017-06-02,9000,5.7
2017-06-03,9000,17.59
2017-06-04,9000,17.59
2017-06-05,9000,17.59
2017-06-06,9000,17.59
2017-06-07,9000,0
2017-06-08,9000,17.59
2017-06-09,9000,17.59
2017-06-10,9000,17.59
2017-06-11,9000,17.59
2017-06-12,9000,17.59
2017-06-13,9000,1.5
2017-06-14,9000,8.5
2017-06-15,9000,55.9
2017-06-16,9000,21.8
2017-06-17,9000,17.59
2017-06-18,9000,0.1
2017-06-19,9000,17.59
2017-06-20,9000,48.5
2017-06-21,9000,0.8
2017-06-22,9000,17.59
2017-06-23,9000,23.3
2017-06-24,9000,0.1
2017-06-25,9000,35.4
2017-06-26,9000,44.4
2017-06-27,9000,17.59
2017-06-28,9000,0.3
2017-06-29,9000,17.59
2017-06-30,9000,17.59
2017-07-01,9000,0
2017-07-02,9000,4.39
2017-07-03,9000,4.39
2017-07-04,9000,0
2017-07-05,9000,4.39
2017-07-06,9000,1.2
2017-07-07,9000,0.4
2017-07-08,9000,0.8
2017-07-09,9000,31.7
2017-07-10,9000,3.4
2017-07-11,9000,4.39
2017-07-12,9000,0.3
2017-07-13,9000,1.2
2017-07-14,9000,4.6
2017-07-15,9000,4.39
2017-07-16,9000,4.39
2017-07-17,9000,4.39
2017-07-18,9000,4.39
2017-07-19,9000,4.39
2017-07-20,9000,4.39
2017-07-21,9000,4.39
2017-07-22,9000,4.39
2017-07-23,9000,4.6
2017-07-24,9000,4.39
2017-07-25,9000,4.39
2017-07-26,9000,4.39
2017-07-27,9000,4.39
2017-07-28,9000,1.6
2017-07-29,9000,2.9
2017-07-30,9000,8.8
2017-07-31,9000,4.39
2017-08-01,9000,0.9
2017-08-02,9000,1.7
2017-08-03,9000,0.9
2017-08-04,9000,0.9
2017-08-05,9000,0.9
2017-08-06,9000,0.9
2017-08-07,9000,0.9
2017-08-08,9000,0.9
2017-08-09,9000,0.9
2017-08-10,9000,0.9
2017-08-11,9000,0.9
2017-08-12,9000,0.9
2017-08-13,9000,0.9
2017-08-14,9000,0.9
2017-08-15,9000,0.9
2017-08-16,9000,0
2017-08-17,9000,0.9
2017-08-18,9000,0.9
2017-08-19,9000,0.9
2017-08-20,9000,1
2017-08-21,9000,0.9
2017-08-22,9000,0.9
2017-08-23,9000,0.9
2017-08-24,9000,0.9
2017-08-25,9000,0.9
2017-08-26,9000,0.9
2017-08-27,9000,0.9
2017-08-28,9000,0.9
2017-08-29,9000,0.9
2017-08-30,9000,0.9
2017-08-31,9000,0.9
2017-09-01,9689,19.09
2017-09-02,9689,19.09
2017-09-03,9689,0
2017-09-04,9500,19.09
2017-09-05,9500,19.09
2017-09-06,9500,19.09
2017-09-07,9500,19.09
2017-09-08,9500,19.09
2017-09-09,9689,19.09
2017-09-10,9689,19.09
2017-09-11,9500,19.09
2017-09-12,9500,19.09
2017-09-13,9800,19.09
2017-09-14,9800,19.09
2017-09-15,9800,0.2
2017-09-16,9689,19.09
2017-09-17,9689,19.09
2017-09-18,9800,19.09
2017-09-19,9800,19.09
2017-09-20,9800,19.09
2017-09-21,9689,19.09
2017-09-22,9800,0
2017-09-23,9689,0.1
2017-09-24,9689,0.8
2017-09-25,9800,51.6
2017-09-26,9800,19.09
2017-09-27,9800,60
2017-09-28,9800,40
2017-09-29,9800,19.09
2017-09-30,9689,19.09
2017-10-01,9800,0.6
2017-10-02,9800,22.03
2017-10-03,9800,22.03
2017-10-04,9800,22.03
2017-10-05,9800,22.03
2017-10-06,9800,1.5
2017-10-07,9800,22.03
2017-10-08,9800,22.03
2017-10-09,9800,1.8
2017-10-10,9800,22.03
2017-10-11,9800,22.03
2017-10-12,9800,12
2017-10-13,9800,22.03
2017-10-14,9800,22.03
2017-10-15,9800,11.7
2017-10-16,9800,9.5
2017-10-17,9800,179.6
2017-10-18,9800,61.8
2017-10-19,9800,22.03
2017-10-20,9800,0
2017-10-21,9800,15.1
2017-10-22,9800,0.2
2017-10-23,9800,22.03
2017-10-24,9800,9.4
2017-10-25,9800,0.5
2017-10-26,9800,5.3
2017-10-27,9800,1.4
2017-10-28,9800,19
2017-10-29,9800,26.9
2017-10-30,9800,51.3
2017-10-31,9800,11
2017-11-01,9800,16.51
2017-11-02,9800,16.51
2017-11-03,9800,16.51
2017-11-04,9973,32.4
2017-11-05,9973,45.5
2017-11-06,10000,16.51
2017-11-07,10000,16.51
2017-11-08,10000,10.5
2017-11-09,10000,16.51
2017-11-10,10000,16.51
2017-11-11,9973,16.51
2017-11-12,9973,1.2
2017-11-13,10000,6.1
2017-11-14,10000,2.5
2017-11-15,10000,26.5
2017-11-16,10000,16.51
2017-11-17,10000,16.51
2017-11-18,9973,35
2017-11-19,9973,9.5
2017-11-20,10000,27.2
2017-11-21,10000,4
2017-11-22,10000,16.51
2017-11-23,10000,30.7
2017-11-24,10000,16.51
2017-11-25,9973,29.9
2017-11-26,9973,8.3
2017-11-27,10000,19.5
2017-11-28,10000,4.6
2017-11-29,10000,0.3
2017-11-30,10000,3.5
2017-12-01,10167,2.8
2017-12-02,10167,4.1
2017-12-03,10167,16.99
2017-12-04,10000,0
2017-12-05,10000,16.99
2017-12-06,10000,16.99
2017-12-07,10000,16.99
2017-12-08,10000,16.99
2017-12-09,10167,1.8
2017-12-10,10167,28.1
2017-12-11,10000,57.5
2017-12-12,10000,30
2017-12-13,10000,0.5
2017-12-14,10000,16.99
2017-12-15,10000,4
2017-12-16,10167,0
2017-12-17,10167,7.4
2017-12-18,10000,0
2017-12-19,10000,35.7
2017-12-20,10000,15.3
2017-12-21,10000,26.1
2017-12-22,10000,63.3
2017-12-23,10167,16.99
2017-12-24,10167,16.99
2017-12-25,10167,2.5
2017-12-26,10167,16.99
2017-12-27,11000,68.5
2017-12-28,11000,0.7
2017-12-29,11000,0
2017-12-30,10167,8.5
2017-12-31,10167,16.99
2018-01-01,11868,18.38
2018-01-02,11200,144.7
2018-01-03,11200,18.38
2018-01-04,11200,18.38
2018-01-05,11500,25.4
2018-01-06,11868,5.1
2018-01-07,11868,15.8
2018-01-08,12000,0
2018-01-09,12000,18.38
2018-01-10,12000,13.9
2018-01-11,12000,46.7
2018-01-12,12000,5
2018-01-13,11868,18.38
2018-01-14,11868,2.2
2018-01-15,12000,18.38
2018-01-16,12000,18.38
2018-01-17,12000,18.38
2018-01-18,12000,0
2018-01-19,12000,10.1
2018-01-20,11868,18.38
2018-01-21,11868,2.4
2018-01-22,12000,18.38
2018-01-23,12000,1.5
2018-01-24,12000,18.38
2018-01-25,12000,18.38
2018-01-26,12000,18.38
2018-01-27,11868,0.2
2018-01-28,11868,21
2018-01-29,12000,18.38
2018-01-30,12000,18.38
2018-01-31,12000,0.1
2018-02-01,12000,0.2
2018-02-02,12000,8.96
2018-02-03,11228,8.96
2018-02-04,11228,0
2018-02-05,11500,25.4
2018-02-06,11500,8.96
2018-02-07,11500,4
2018-02-08,11500,8.96
2018-02-09,11500,8.96
2018-02-10,11228,8.96
2018-02-11,11228,0
2018-02-12,11500,0
2018-02-13,11500,0.3
2018-02-14,11500,0
2018-02-15,11000,1.7
2018-02-16,11228,13.1
2018-02-17,11228,0.6
2018-02-18,11228,3
2018-02-19,11000,15
2018-02-20,11000,66.5
2018-02-21,11228,7.5
2018-02-22,11000,6
2018-02-23,10600,33.8
2018-02-24,11228,8.96
2018-02-25,11228,2
2018-02-26,10500,0
2018-02-27,10500,0
2018-02-28,10500,8.96
2018-03-01,10250,0.1
2018-03-02,10000,18.5
2018-03-03,9853,7.69
2018-03-04,9853,5.2
2018-03-05,9700,0
2018-03-06,9700,7.69
2018-03-07,9700,1.2
2018-03-08,9700,0.1
2018-03-09,9700,5.9
2018-03-10,9853,0
2018-03-11,9853,29.8
2018-03-12,9700,44.9
2018-03-13,9700,1.6
2018-03-14,9700,7.69
2018-03-15,9853,0.3
2018-03-16,9700,0.3
2018-03-17,9853,7.69
2018-03-18,9853,2.2
2018-03-19,9700,7.69
2018-03-20,9800,0
2018-03-21,10000,7.69
2018-03-22,10000,0
2018-03-23,10000,0.2
2018-03-24,9853,11.8
2018-03-25,9853,15.3
2018-03-26,10000,15.2
2018-03-27,10000,8.9
2018-03-28,10000,2.6
2018-03-29,10000,11.4
2018-03-30,9853,9
2018-03-31,9853,7.69
2018-04-01,10000,0
2018-04-02,10000,9.4
2018-04-03,10000,34.5
2018-04-04,10000,0.6
2018-04-05,10000,14.81
2018-04-06,10000,45
2018-04-07,10000,0.2
2018-04-08,10000,10.2
2018-04-09,10000,0
2018-04-10,10000,14.81
2018-04-11,10000,31.4
2018-04-12,10000,11
2018-04-13,10000,22.5
2018-04-14,10000,14.81
2018-04-15,10000,37.4
2018-04-16,10000,14.81
2018-04-17,10000,8.4
2018-04-18,10000,14.81
2018-04-19,10000,14.81
2018-04-20,10000,1.8
2018-04-21,10000,1.2
2018-04-22,10000,14.81
2018-04-23,10000,3
2018-04-24,10000,4.7
2018-04-25,10000,0
2018-04-26,10000,28.3
2018-04-27,10000,12.8
2018-04-28,10000,78.3
2018-04-29,10000,0
2018-04-30,10000,0
2018-05-01,9639,2.26
2018-05-02,10000,2.26
2018-05-03,10000,0
2018-05-04,10000,0
2018-05-05,9639,2.26
2018-05-06,9639,2.26
2018-05-07,10000,2.26
2018-05-08,9639,0
2018-05-09,10000,0
2018-05-10,9639,2.26
2018-05-11,9500,17.4
2018-05-12,9639,2.26
2018-05-13,9639,2.26
2018-05-14,9500,2.3
2018-05-15,9500,0.6
2018-05-16,9500,2.26
2018-05-17,9500,1.6
2018-05-18,9500,2.26
2018-05-19,9639,2.26
2018-05-20,9639,0.2
2018-05-21,9500,2.26
2018-05-22,9500,2.26
2018-05-23,9500,2.26
2018-05-24,9639,7.3
2018-05-25,9500,2.26
2018-05-26,9639,0
2018-05-27,9639,2.26
2018-05-28,9500,2.26
2018-05-29,9639,0
2018-05-30,9500,0
2018-05-31,9500,2.26
2018-06-01,9500,3.61
2018-06-02,9500,3.61
2018-06-03,9500,0
2018-06-04,9500,3.61
2018-06-05,9500,0
2018-06-06,9500,3.61
2018-06-07,9500,3.61
2018-06-08,9500,3.61
2018-06-09,9500,3.61
2018-06-10,9500,3.61
2018-06-11,9500,11.8
2018-06-12,9500,3.61
2018-06-13,9500,3.5
2018-06-14,9500,3.61
2018-06-15,9500,3.61
2018-06-16,9500,3.61
2018-06-17,9500,3.61
2018-06-18,9500,0
2018-06-19,9500,0.2
2018-06-20,9500,6.5
2018-06-21,9500,9
2018-06-22,9500,2.5
2018-06-23,9500,6.2
2018-06-24,9500,0
2018-06-25,9500,3.61
2018-06-26,9500,3.61
2018-06-27,9500,3.61
2018-06-28,9500,3.61
2018-06-29,9500,3.61
2018-06-30,9500,3.61
2018-07-01,9364,2.18
2018-07-02,9500,2.18
2018-07-03,9500,2.18
2018-07-04,9500,6.5
2018-07-05,9500,6.4
2018-07-06,9500,2.18
2018-07-07,9364,2.18
2018-07-08,9364,2.18
2018-07-09,9500,2.18
2018-07-10,9500,2.18
2018-07-11,9500,2.18
2018-07-12,9500,2.18
2018-07-13,9500,0
2018-07-14,9364,2.18
2018-07-15,9364,0
2018-07-16,9500,2.18
2018-07-17,9500,2.18
2018-07-18,9500,2.18
2018-07-19,9500,2.18
2018-07-20,9500,2.18
2018-07-21,9364,0
2018-07-22,9364,2.18
2018-07-23,9500,2.18
2018-07-24,9000,0.2
2018-07-25,9000,2.18
2018-07-26,9000,2.18
2018-07-27,9000,2.18
2018-07-28,9364,2.18
2018-07-29,9364,2.18
2018-07-30,9000,2.18
2018-07-31,9000,2.18
2018-08-01,9000,0.33
2018-08-02,9000,0.33
2018-08-03,9000,2
2018-08-04,9167,0.33
2018-08-05,9167,0.33
2018-08-06,9000,0.8
2018-08-07,9000,0
2018-08-08,9000,0.33
2018-08-09,9000,0
2018-08-10,9000,0.33
2018-08-11,9167,0.33
2018-08-12,9167,0
2018-08-13,9000,0.33
2018-08-14,9000,0
2018-08-15,9000,0.33
2018-08-16,9000,0
2018-08-17,9167,0.33
2018-08-18,9167,0.33
2018-08-19,9167,0
2018-08-20,9000,0.33
2018-08-21,9000,0.33
2018-08-22,9167,0.33
2018-08-23,9500,0.33
2018-08-24,9500,0
2018-08-25,9167,0.33
2018-08-26,9167,0
2018-08-27,9500,0.33
2018-08-28,9500,0.33
2018-08-29,9500,0.8
2018-08-30,9500,0.33
2018-08-31,9500,0.4
2018-09-01,9500,1.1
2018-09-02,9500,0.2
2018-09-03,9500,2.8
2018-09-04,9500,1.12
2018-09-05,9500,0.8
2018-09-06,9500,1.2
2018-09-07,9500,1.12
2018-09-08,9500,1.12
2018-09-09,9500,0.2
2018-09-10,9500,1.12
2018-09-11,9500,0
2018-09-12,9500,1.12
2018-09-13,9500,1.12
2018-09-14,9500,1.12
2018-09-15,9500,1.12
2018-09-16,9500,0.1
2018-09-17,9500,1.12
2018-09-18,9500,1.12
2018-09-19,9500,7.6
2018-09-20,9500,3.5
2018-09-21,9500,0
2018-09-22,9500,0
2018-09-23,9500,0.4
2018-09-24,9500,1.12
2018-09-25,9500,1.12
2018-09-26,9500,0
2018-09-27,9500,1.12
2018-09-28,9500,1.12
2018-09-29,9500,0
2018-09-30,9500,0
2018-10-01,9500,2.83
2018-10-02,9500,0
2018-10-03,9500,2.83
2018-10-04,9500,0
2018-10-05,9500,2.83
2018-10-06,9522,2.83
2018-10-07,9522,0
2018-10-08,9500,0
2018-10-09,9500,0
2018-10-10,9500,0
2018-10-11,9500,2.83
2018-10-12,9500,2.83
2018-10-13,9522,2.83
2018-10-14,9522,0
2018-10-15,9500,2.83
2018-10-16,9500,0
2018-10-17,9500,2.83
2018-10-18,9500,2.83
2018-10-19,9500,0.2
2018-10-20,9522,2.83
2018-10-21,9522,0
2018-10-22,9500,5.3
2018-10-23,9500,4.4
2018-10-24,9500,6.1
2018-10-25,9500,15.7
2018-10-26,9500,1.3
2018-10-27,9522,12.2
2018-10-28,9522,2.83
2018-10-29,9500,2.83
2018-10-30,9500,2.83
2018-10-31,10000,0
2018-11-01,10000,22.51
2018-11-02,10000,22.51
2018-11-03,10000,22.51
2018-11-04,10000,14.6
2018-11-05,10000,22.51
2018-11-06,10000,63
2018-11-07,10000,22.51
2018-11-08,10000,22.51
2018-11-09,10000,21
2018-11-10,10000,1.2
2018-11-11,10000,26.8
2018-11-12,10000,87.5
2018-11-13,10000,23.5
2018-11-14,10000,33.2
2018-11-15,10000,22.51
2018-11-16,10000,22.51
2018-11-17,10000,22.51
2018-11-18,10000,0
2018-11-19,10000,22.51
2018-11-20,10000,22.51
2018-11-21,10000,22.51
2018-11-22,10000,22.51
2018-11-23,10000,22.51
2018-11-24,10000,1
2018-11-25,10000,6.1
2018-11-26,10000,13.2
2018-11-27,10000,22.51
2018-11-28,10000,22.51
2018-11-29,10000,22.51
2018-11-30,10000,1.5
2018-12-01,10000,0
2018-12-02,10000,20.67
2018-12-03,10000,12
2018-12-04,10000,12.1
2018-12-05,10000,27.8
2018-12-06,10000,0.2
2018-12-07,10000,8.6
2018-12-08,10000,199.5
2018-12-09,10000,0
2018-12-10,10000,6.5
2018-12-11,10000,11.4
2018-12-12,10000,20.67
2018-12-13,10000,20.67
2018-12-14,10000,20.67
2018-12-15,10000,0.4
2018-12-16,10000,15.3
2018-12-17,10000,0.5
2018-12-18,10000,20.67
2018-12-19,10000,3.2
2018-12-20,10000,20.67
2018-12-21,10000,20.67
2018-12-22,10000,20.67
2018-12-23,10000,20.67
2018-12-24,10000,34.5
2018-12-25,10000,18.1
2018-12-26,10000,45.5
2018-12-27,10000,11.8
2018-12-28,10000,5.4
2018-12-29,10000,0.5
2018-12-30,10000,20.67
2018-12-31,10000,20.67
2019-01-01,9873,4
2019-01-02,10000,0.4
2019-01-03,10000,39.7
2019-01-04,10000,16.8
2019-01-05,9873,0.3
2019-01-06,9873,16.8
2019-01-07,10000,22.8
2019-01-08,10000,3.5
2019-01-09,10000,5.7
2019-01-10,10000,1.6
2019-01-11,10000,16.8
2019-01-12,9873,16.8
2019-01-13,9873,16.8
2019-01-14,9800,0
2019-01-15,9800,16.8
2019-01-16,9800,35.5
2019-01-17,9800,134.6
2019-01-18,9800,5.8
2019-01-19,9873,16.8
2019-01-20,9873,16.8
2019-01-21,9800,4.3
2019-01-22,9800,16.8
2019-01-23,9800,24.5
2019-01-24,9800,16.8
2019-01-25,9800,0.4
2019-01-26,9873,16.8
2019-01-27,9873,0.1
2019-01-28,9800,16.8
2019-01-29,9800,16.8
2019-01-30,9800,16.8
2019-01-31,9800,2.4
2019-02-01,9800,16.83
2019-02-02,9800,8.8
2019-02-03,9800,12.6
2019-02-04,9800,16.83
2019-02-05,9800,6.3
2019-02-06,9800,2
2019-02-07,9800,16.83
2019-02-08,9800,27
2019-02-09,9800,12
2019-02-10,9800,113.4
2019-02-11,9800,16.83
2019-02-12,9800,16.83
2019-02-13,9800,16.83
2019-02-14,9800,15.5
2019-02-15,9800,4.4
2019-02-16,9800,1.3
2019-02-17,9800,0
2019-02-18,9800,16.83
2019-02-19,9800,7.5
2019-02-20,9800,8.9
2019-02-21,9800,2.5
2019-02-22,9800,57.3
2019-02-23,9800,8
2019-02-24,9800,31.4
2019-02-25,9800,16.7
2019-02-26,9800,15.8
2019-02-27,9800,1.9
2019-02-28,9800,0.2
2019-03-01,9800,1
2019-03-02,9800,30.8
2019-03-03,9800,34.7
2019-03-04,9800,17.4
2019-03-05,9800,17.4
2019-03-06,9800,17.4
2019-03-07,9800,17.4
2019-03-08,9800,0
2019-03-09,9800,0
2019-03-10,9800,8.3
2019-03-11,9800,23.1
2019-03-12,9800,0.4
2019-03-13,9800,17.4
2019-03-14,9800,61.5
2019-03-15,9800,2.4
2019-03-16,9800,53.2
2019-03-17,9800,29.3
2019-03-18,9800,15.3
2019-03-19,9800,44.6
2019-03-20,9800,42.5
2019-03-21,9800,2.5
2019-03-22,9800,17.4
2019-03-23,9800,14.7
2019-03-24,9800,17.4
2019-03-25,9800,0.8
2019-03-26,9800,17.4
2019-03-27,9800,0
2019-03-28,9800,0.3
2019-03-29,9800,17.4
2019-03-30,9800,17.4
2019-03-31,9800,0
2019-04-01,9500,15.42
2019-04-02,9500,24.6
2019-04-03,9158,15.42
2019-04-04,9500,15.42
2019-04-05,9500,48
2019-04-06,9158,24
2019-04-07,9158,0
2019-04-08,9500,15.42
2019-04-09,9500,0
2019-04-10,9000,0
2019-04-11,9000,15.42
2019-04-12,9000,0
2019-04-13,9158,21
2019-04-14,9158,15.42
2019-04-15,9000,15.42
2019-04-16,9000,0.7
2019-04-17,9158,2.3
2019-04-18,9000,16
2019-04-19,9158,5.5
2019-04-20,9158,27.6
2019-04-21,9158,15.42
2019-04-22,9000,71.3
2019-04-23,9000,0.7
2019-04-24,9000,35.8
2019-04-25,9000,15.42
2019-04-26,9000,0
2019-04-27,9158,0
2019-04-28,9158,15.42
2019-04-29,9000,15.42
2019-04-30,9000,15.42
2019-05-01,9000,4.8
2019-05-02,9000,37
2019-05-03,9000,1.5
2019-05-04,9000,2.3
2019-05-05,9000,61.3
2019-05-06,9000,5
2019-05-07,9000,0.3
2019-05-08,9000,58.3
2019-05-09,9000,10.34
2019-05-10,9000,0
2019-05-11,9000,4
2019-05-12,9000,0
2019-05-13,9000,10.34
2019-05-14,9000,0
2019-05-15,9000,10.34
2019-05-16,9000,10.34
2019-05-17,9000,0
2019-05-18,9000,10.34
2019-05-19,9000,10.34
2019-05-20,9000,10.34
2019-05-21,9000,0.3
2019-05-22,9000,0
2019-05-23,9000,10.34
2019-05-24,9000,0.5
2019-05-25,9000,10.34
2019-05-26,9000,0.4
2019-05-27,9000,10.34
2019-05-28,9000,10.34
2019-05-29,9000,10.34
2019-05-30,9000,10.34
2019-05-31,9000,10.34
2019-06-01,9000,0
2019-06-02,9000,1.26
2019-06-03,9000,1.26
2019-06-04,9000,1.26
2019-06-05,9000,0
2019-06-06,9000,1.26
2019-06-07,9000,1.26
2019-06-08,9000,1.26
2019-06-09,9000,1.26
2019-06-10,9000,1.26
2019-06-11,9000,0
2019-06-12,9000,1.26
2019-06-13,9000,1.26
2019-06-14,9000,1.7
2019-06-15,9000,1.3
2019-06-16,9000,5.8
2019-06-17,9000,1.26
2019-06-18,9000,1.26
2019-06-19,9000,1.26
2019-06-20,9000,1.26
2019-06-21,9000,1.26
2019-06-22,9000,1.26
2019-06-23,9000,1.26
2019-06-24,9000,1.26
2019-06-25,9000,1.26
2019-06-26,9000,1.26
2019-06-27,9000,1.26
2019-06-28,9000,0
2019-06-29,9000,1.26
2019-06-30,9000,1.26
2019-07-01,9000,0.73
2019-07-02,9000,0
2019-07-03,9000,0.73
2019-07-04,9000,0.73
2019-07-05,9000,0.73
2019-07-06,9000,5.6
2019-07-07,9000,0.73
2019-07-08,9000,0.73
2019-07-09,9000,0.73
2019-07-10,9000,0.73
2019-07-11,9000,0
2019-07-12,9000,0.73
2019-07-13,9000,0
2019-07-14,9000,0.73
2019-07-15,9000,0.73
2019-07-16,9000,0.73
2019-07-17,9000,0.73
2019-07-18,9000,0
2019-07-19,9000,0.73
2019-07-20,9000,0.73
2019-07-21,9000,0.73
2019-07-22,9000,0.2
2019-07-23,9000,0
2019-07-24,9000,0.73
2019-07-25,9000,0.73
2019-07-26,9000,0
2019-07-27,9000,0.73
2019-07-28,9000,0.73
2019-07-29,9000,0.73
2019-07-30,9000,0.73
2019-07-31,9000,0.73
2019-08-01,9367,0
2019-08-02,9000,0
2019-08-03,9367,0
2019-08-04,9367,0
2019-08-05,9000,0
2019-08-06,9300,0
2019-08-07,9300,0
2019-08-08,9300,0
2019-08-09,9300,0
2019-08-10,9367,0
2019-08-11,9367,0
2019-08-12,9300,0
2019-08-13,9300,0
2019-08-14,9300,0
2019-08-15,9300,0
2019-08-16,9300,0
2019-08-17,9367,0
2019-08-18,9367,0
2019-08-19,9500,0
2019-08-20,9500,0
2019-08-21,9500,0
2019-08-22,9500,0
2019-08-23,9500,0
2019-08-24,9367,0
2019-08-25,9367,0
2019-08-26,9500,0
2019-08-27,9500,0
2019-08-28,9500,0
2019-08-29,9500,0
2019-08-30,9500,0
2019-08-31,9367,0
2019-09-01,9500,0
2019-09-02,9500,0
2019-09-03,9500,0
2019-09-04,9500,0
2019-09-05,9500,0
2019-09-06,9500,0
2019-09-07,9500,0
2019-09-08,9500,0
2019-09-09,9500,0
2019-09-10,9500,0
2019-09-11,9500,0
2019-09-12,9500,0
2019-09-13,9500,0
2019-09-14,9500,0
2019-09-15,9500,0
2019-09-16,9500,0
2019-09-17,9500,0
2019-09-18,9500,0
2019-09-19,9500,0
2019-09-20,9500,0
2019-09-21,9500,0
2019-09-22,9500,0
2019-09-23,9500,0
2019-09-24,9500,0
2019-09-25,9500,0
2019-09-26,9500,0
2019-09-27,9500,0
2019-09-28,9500,0
2019-09-29,9500,0
2019-09-30,9500,0
2019-10-01,9500,0
2019-10-02,9500,0.7
2019-10-03,9500,0.44
2019-10-04,9500,3.2
2019-10-05,9500,0.44
2019-10-06,9500,0.44
2019-10-07,9500,0.44
2019-10-08,9500,0.44
2019-10-09,9500,0
2019-10-10,9500,0
2019-10-11,9500,0.44
2019-10-12,9500,0.44
2019-10-13,9500,0.44
2019-10-14,9500,0
2019-10-15,9500,0.44
2019-10-16,9500,0.5
2019-10-17,9500,0.44
2019-10-18,9500,0.44
2019-10-19,9500,0.44
2019-10-20,9500,0
2019-10-21,9500,0.44
2019-10-22,9500,0.44
2019-10-23,9500,0.44
2019-10-24,9500,0.44
2019-10-25,9500,0
2019-10-26,9500,0.44
2019-10-27,9500,0.44
2019-10-28,9500,0.44
2019-10-29,9500,0.44
2019-10-30,9500,0
2019-10-31,9500,0.44
2019-11-01,9500,0.2
2019-11-02,9500,52.4
2019-11-03,9500,62.6
2019-11-04,9500,1.3
2019-11-05,9500,10.38
2019-11-06,9500,0
2019-11-07,9500,10.38
2019-11-08,9500,10.38
2019-11-09,9500,10.38
2019-11-10,9500,10.38
2019-11-11,9500,7.6
2019-11-12,9500,10.38
2019-11-13,9500,0
2019-11-14,9500,10.38
2019-11-15,9500,3
2019-11-16,9500,10.38
2019-11-17,9500,10.38
2019-11-18,9500,0
2019-11-19,9500,10.38
2019-11-20,9500,10.38
2019-11-21,9500,10.38
2019-11-22,9500,10.38
2019-11-23,9500,10.38
2019-11-24,9500,10.38
2019-11-25,9500,7.1
2019-11-26,9500,10.8
2019-11-27,9500,0
2019-11-28,9500,10.38
2019-11-29,9500,0.3
2019-11-30,9500,0
2019-12-01,9500,5.03
2019-12-02,9500,0.1
2019-12-03,9500,4.5
2019-12-04,9500,5.03
2019-12-05,9500,5.03
2019-12-06,9500,0
2019-12-07,9500,5.03
2019-12-08,9500,5.03
2019-12-09,9500,0.4
2019-12-10,9500,5.03
2019-12-11,9500,2.9
2019-12-12,9500,10.3
2019-12-13,9500,1.2
2019-12-14,9500,5.03
2019-12-15,9500,0
2019-12-16,9500,5.03
2019-12-17,9500,1
2019-12-18,9500,0.6
2019-12-19,9500,5.03
2019-12-20,9500,5.6
2019-12-21,9500,1.8
2019-12-22,9500,4
2019-12-23,9500,11
2019-12-24,9500,5.03
2019-12-25,9500,12
2019-12-26,9500,22.8
2019-12-27,9500,5.03
2019-12-28,9500,2
2019-12-29,9500,13.5
2019-12-30,9500,6.9
2019-12-31,9500,0
2020-01-01,9500,19.9
2020-01-02,9500,14.8
2020-01-03,9500,2.1
2020-01-04,9500,2.5
2020-01-05,9500,6.5
2020-01-06,9500,12.5
2020-01-07,9500,23.8
2020-01-08,9500,13.7
2020-01-09,9500,8.29
2020-01-10,9500,24
2020-01-11,9500,17.1
2020-01-12,9500,8.29
2020-01-13,9500,8.29
2020-01-14,9500,8.29
2020-01-15,9500,8.29
2020-01-16,9500,0.2
2020-01-17,9500,8.29
2020-01-18,9500,8.29
2020-01-19,9500,8.29
2020-01-20,9500,8.29
2020-01-21,9500,1
2020-01-22,9500,0
2020-01-23,9500,9.9
2020-01-24,9500,0.3
2020-01-25,9500,0
2020-01-26,9500,8.29
2020-01-27,9500,8.29
2020-01-28,9500,2.2
2020-01-29,9500,8.29
2020-01-30,9500,7
2020-01-31,9500,0
2020-02-01,9500,46.4
2020-02-02,9500,30.2
2020-02-03,9500,2
2020-02-04,9500,13.72
2020-02-05,9500,0
2020-02-06,9500,0
2020-02-07,9500,4.4
2020-02-08,9500,8.2
2020-02-09,9500,1.9
2020-02-10,9500,9
2020-02-11,9500,28.3
2020-02-12,9500,5.5
2020-02-13,9500,2
2020-02-14,9500,0.4
2020-02-15,9500,0.4
2020-02-16,9500,38.1
2020-02-17,9500,15.9
2020-02-18,9500,23.2
2020-02-19,9500,12.2
2020-02-20,9500,19.8
2020-02-21,9500,13.72
2020-02-22,9500,40.8
2020-02-23,9500,13.72
2020-02-24,9500,13.72
2020-02-25,9500,3
2020-02-26,9500,11.1
2020-02-27,9500,33.4
2020-02-28,9500,0.3
2020-02-29,9500,6.6
2020-03-01,9500,23.7
2020-03-02,9500,30.9
2020-03-03,9500,73
2020-03-04,9500,26.4
2020-03-05,9500,15.39
2020-03-06,9500,4.2
2020-03-07,9500,26
2020-03-08,9500,15.39
2020-03-09,9500,2
2020-03-10,9500,5.3
2020-03-11,9500,0
2020-03-12,9500,23.3
2020-03-13,9500,0
2020-03-14,9500,0
2020-03-15,9500,0
2020-03-16,9500,0.2
2020-03-17,9500,12.5
2020-03-18,9500,14
2020-03-19,9500,2.9
2020-03-20,9500,5
2020-03-21,9500,29.4
2020-03-22,9500,81.3
2020-03-23,9500,15.39
2020-03-24,9500,0.2
2020-03-25,9500,1.2
2020-03-26,9500,9.1
2020-03-27,9500,38.1
2020-03-28,9500,0.2
2020-03-29,9500,0
2020-03-30,9500,15.39
2020-03-31,9500,6.7
2020-04-01,9500,4
2020-04-02,9500,10.53
2020-04-03,9500,2.9
2020-04-04,9500,55.7
2020-04-05,9500,6.7
2020-04-06,9500,1.8
2020-04-07,9500,17.2
2020-04-08,9500,5.9
2020-04-09,9500,0
2020-04-10,9500,0
2020-04-11,9500,24.5
2020-04-12,9500,0
2020-04-13,9500,10.53
2020-04-14,9500,0
2020-04-15,9500,4.4
2020-04-16,9500,0.4
2020-04-17,9500,28.1
2020-04-18,9500,10.53
2020-04-19,9500,14.7
2020-04-20,9500,0.1
2020-04-21,9500,25.7
2020-04-22,9500,10.53
2020-04-23,9500,3
2020-04-24,9500,6.3
2020-04-25,9500,43
2020-04-26,9500,2
2020-04-27,9500,12.3
2020-04-28,9500,14.4
2020-04-29,9500,0.8
2020-04-30,9500,0
2020-05-01,9500,18.95
2020-05-02,9500,18.95
2020-05-03,9500,18.95
2020-05-04,9500,18.95
2020-05-05,9500,18.95
2020-05-06,9500,0
2020-05-07,9500,0.8
2020-05-08,9500,0
2020-05-09,9500,0
2020-05-10,9500,18.95
2020-05-11,9500,61
2020-05-12,9500,18.95
2020-05-13,9500,1
2020-05-14,9500,18.95
2020-05-15,9500,6.8
2020-05-16,9500,77.1
2020-05-17,9500,31.6
2020-05-18,9500,42.5
2020-05-19,9500,23.8
2020-05-20,9500,18.95
2020-05-21,9500,48.8
2020-05-22,9500,18.95
2020-05-23,9500,18.95
2020-05-24,9500,0
2020-05-25,9500,1
2020-05-26,9500,18
2020-05-27,9500,7.7
2020-05-28,9500,9.3
2020-05-29,9500,1
2020-05-30,9500,0
2020-05-31,9500,48.5
2020-06-01,9500,56
2020-06-02,9500,50.1
2020-06-03,9500,32.2
2020-06-04,9500,20.6
2020-06-05,9500,3.3
2020-06-06,9500,4
2020-06-07,9500,24.1
2020-06-08,9500,7
2020-06-09,9500,66.1
2020-06-10,9500,1.2
2020-06-11,9500,0.2
2020-06-12,9500,0
2020-06-13,9500,0
2020-06-14,9500,4
2020-06-15,9500,7.9
2020-06-16,9500,16
2020-06-17,9500,0.2
2020-06-18,9500,21.5
2020-06-19,9500,59.6
2020-06-20,9500,6.5
2020-06-21,9500,1.4
2020-06-22,9500,1.5
2020-06-23,9500,0
2020-06-24,9500,0.5
2020-06-25,9500,16
2020-06-26,9500,16
2020-06-27,9500,16
2020-06-28,9500,16
2020-06-29,9500,16
2020-06-30,9500,16
2020-07-01,9500,2.33
2020-07-02,9500,2.1
2020-07-03,9500,1.8
2020-07-04,9500,2.33
2020-07-05,9500,2
2020-07-06,9500,19.2
2020-07-07,9500,0.4
2020-07-08,9500,1.5
2020-07-09,9500,1.7
2020-07-10,9500,14.7
2020-07-11,9500,2.6
2020-07-12,9500,2.33
2020-07-13,9500,0
2020-07-14,9500,0.2
2020-07-15,9500,2.33
2020-07-16,9500,2.33
2020-07-17,9500,2.33
2020-07-18,9500,0.5
2020-07-19,9500,0
2020-07-20,9500,4.4
2020-07-21,9500,0.1
2020-07-22,9500,0
2020-07-23,9500,0
2020-07-24,9500,0
2020-07-25,9500,2.33
2020-07-26,9500,2.33
2020-07-27,9500,0
2020-07-28,9500,0
2020-07-29,9500,0
2020-07-30,9500,0
2020-07-31,9500,2.33
2020-08-01,9500,1.82
2020-08-02,9500,1.82
2020-08-03,9500,1.82
2020-08-04,9500,0.6
2020-08-05,9500,1.82
2020-08-06,9500,0
2020-08-07,9500,1.82
2020-08-08,9500,1.82
2020-08-09,9500,0
2020-08-10,9500,0
2020-08-11,9500,1.82
2020-08-12,9500,2.6
2020-08-13,9500,2.4
2020-08-14,9500,3.3
2020-08-15,9500,19.1
2020-08-16,9500,0
2020-08-17,9500,0.6
2020-08-18,9500,0.3
2020-08-19,9500,4.8
2020-08-20,9500,0.1
2020-08-21,9500,1.82
2020-08-22,9500,1.82
2020-08-23,9500,1.82
2020-08-24,9500,0
2020-08-25,9500,0
2020-08-26,9500,1.82
2020-08-27,9500,0
2020-08-28,9500,1.82
2020-08-29,9500,0.8
2020-08-30,9500,0
2020-08-31,9500,0
2020-09-01,9500,9.2
2020-09-02,9500,4.6
2020-09-03,9500,6.6
2020-09-04,9500,0.1
2020-09-05,9500,0
2020-09-06,9500,1.5
2020-09-07,9500,9.2
2020-09-08,9500,0.7
2020-09-09,9500,9.2
2020-09-10,9500,0.9
2020-09-11,9500,9.2
2020-09-12,9500,1.4
2020-09-13,9500,9.2
2020-09-14,9500,0
2020-09-15,9500,9.2
2020-09-16,9500,9.2
2020-09-17,9500,9.2
2020-09-18,9500,9.2
2020-09-19,9500,9.2
2020-09-20,9500,9.2
2020-09-21,9500,9.2
2020-09-22,9500,9.2
2020-09-23,9500,9.2
2020-09-24,9500,9.2
2020-09-25,9500,9.2
2020-09-26,9500,9.2
2020-09-27,9500,9.2
2020-09-28,9500,86.7
2020-09-29,9500,5.2
2020-09-30,9500,2.7
2020-10-01,9500,22.7
2020-10-02,9500,30.61
2020-10-03,9500,2.1
2020-10-04,9500,0
2020-10-05,9500,28.8
2020-10-06,9500,62.6
2020-10-07,9500,6.6
2020-10-08,9500,30.61
2020-10-09,9500,30.61
2020-10-10,9500,30.61
2020-10-11,9500,4.1
2020-10-12,9500,39.7
2020-10-13,9500,0.8
2020-10-14,9500,0.2
2020-10-15,9500,30.61
2020-10-16,9500,30.61
2020-10-17,9500,0
2020-10-18,9500,0.9
2020-10-19,9500,63
2020-10-20,9500,28.1
2020-10-21,9500,76.6
2020-10-22,9500,0.5
2020-10-23,9500,20.7
2020-10-24,9500,60.3
2020-10-25,9500,61
2020-10-26,9500,52.3
2020-10-27,9500,102.7
2020-10-28,9500,1.8
2020-10-29,9500,71.9
2020-10-30,9500,43.5
2020-10-31,9500,14.4
2020-11-01,9500,7.6
2020-11-02,9500,106.7
2020-11-03,9500,23.5
2020-11-04,9500,31.8
2020-11-05,9500,15.6
2020-11-06,9500,41.9
2020-11-07,9500,31.8
2020-11-08,9500,23
2020-11-09,9500,2
2020-11-10,9500,1
2020-11-11,9500,114
2020-11-12,9500,29.7
2020-11-13,9500,1.2
2020-11-14,9500,25.3
2020-11-15,9500,24.8
2020-11-16,9500,63.5
2020-11-17,9500,23.8
2020-11-18,9500,26.9
2020-11-19,9500,28.5
2020-11-20,9500,2.4
2020-11-21,9500,8.5
2020-11-22,9500,45
2020-11-23,9500,31.8
2020-11-24,9500,8.8
2020-11-25,9500,14.1
2020-11-26,9500,32.6
2020-11-27,9500,0
2020-11-28,9500,31.8
2020-11-29,9500,133.2
2020-11-30,9500,23.1
2020-12-01,9500,3.5
2020-12-02,9500,50.3
2020-12-03,9500,27.3
2020-12-04,9500,17.5
2020-12-05,9500,1.8
2020-12-06,9500,40.5
2020-12-07,9500,6.9
2020-12-08,9500,3.8
2020-12-09,9500,19.11
2020-12-10,9500,19.11
2020-12-11,9500,3.5
2020-12-12,9500,13.8
2020-12-13,9500,86.4
2020-12-14,9500,71.5
2020-12-15,9500,12.4
2020-12-16,9500,60.8
2020-12-17,9500,12.2
2020-12-18,9500,4.2
2020-12-19,9500,17.2
2020-12-20,9500,2.7
2020-12-21,9500,0
2020-12-22,9500,2.1
2020-12-23,9500,0
2020-12-24,9500,4.5
2020-12-25,9500,1.8
2020-12-26,9500,1.7
2020-12-27,9500,12.3
2020-12-28,9500,36
2020-12-29,9500,11.5
2020-12-30,9500,22.2
2020-12-31,9500,25.9
2021-01-01,9500,10.1
2021-01-02,9500,3.7
2021-01-03,9500,0
2021-01-04,9500,1.6
2021-01-05,9500,8.2
2021-01-06,9500,10.89
2021-01-07,9500,0
2021-01-08,9500,7.5
2021-01-09,9500,4.8
2021-01-10,9500,43.9
2021-01-11,9500,11.4
2021-01-12,9500,3.1
2021-01-13,9500,0.8
2021-01-14,9500,132.5
2021-01-15,9500,10.89
2021-01-16,9500,3
2021-01-17,9500,0.2
2021-01-18,9500,7.2
2021-01-19,9500,7.8
2021-01-20,9500,10.89
2021-01-21,9500,2.6
2021-01-22,9500,2.6
2021-01-23,9500,0.2
2021-01-24,9500,10.89
2021-01-25,9500,0
2021-01-26,9500,7
2021-01-27,9500,3.3
2021-01-28,9500,7
2021-01-29,9500,13.6
2021-01-30,9500,7.5
2021-01-31,9500,4.4
2021-02-01,9500,2.3
2021-02-02,9500,17.52
2021-02-03,9500,1.8
2021-02-04,9500,11.5
2021-02-05,9500,5.4
2021-02-06,9500,42.5
2021-02-07,9500,0
2021-02-08,9500,9.1
2021-02-09,9500,6.3
2021-02-10,9500,3.4
2021-02-11,9500,16.6
2021-02-12,9500,3.1
2021-02-13,9500,66.8
2021-02-14,9500,1.8
2021-02-15,9500,46.5
2021-02-16,9500,17.52
2021-02-17,9500,47.4
2021-02-18,9500,11
2021-02-19,9500,28.9
2021-02-20,9500,17.52
2021-02-21,9500,17.52
2021-02-22,9500,1.4
2021-02-23,9500,17.52
2021-02-24,9500,52.1
2021-02-25,9500,2.1
2021-02-26,9500,2.9
2021-02-27,9500,17.52
2021-02-28,9500,22.5
2021-03-01,9500,8.8
2021-03-02,9500,0
2021-03-03,9500,1.5
2021-03-04,9500,0
2021-03-05,9500,8.8
2021-03-06,9500,8.8
2021-03-07,9500,44.1
2021-03-08,9500,8.8
2021-03-09,9500,2
2021-03-10,9500,6.2
2021-03-11,9500,1.5
2021-03-12,9500,3.1
2021-03-13,9500,8.8
2021-03-14,9500,3
2021-03-15,9500,3.4
2021-03-16,9500,26.1
2021-03-17,9500,8.8
2021-03-18,9500,8.8
2021-03-19,9500,8.8
2021-03-20,9500,19.7
2021-03-21,9500,11.7
2021-03-22,9500,4.9
2021-03-23,9500,2.6
2021-03-24,9500,0
2021-03-25,9500,0.9
2021-03-26,9500,1.9
2021-03-27,9500,1
2021-03-28,9500,3.6
2021-03-29,9500,1
2021-03-30,9500,55.5
2021-03-31,9500,8.8
2021-04-01,9500,4.6
2021-04-02,9500,3.4
2021-04-03,9500,15.3
2021-04-04,9500,7.57
2021-04-05,9500,42.9
2021-04-06,9500,7
2021-04-07,9500,1
2021-04-08,9500,7.57
2021-04-09,9500,7.57
2021-04-10,9500,0
2021-04-11,9500,12.6
2021-04-12,9500,3.3
2021-04-13,9500,7.7
2021-04-14,9500,7
2021-04-15,9500,7.57
2021-04-16,9500,0.4
2021-04-17,9500,1.8
2021-04-18,9500,7.57
2021-04-19,9500,12.4
2021-04-20,9500,7.57
2021-04-21,9500,7.57
2021-04-22,9500,7.57
2021-04-23,9500,3
2021-04-24,9500,7.57
2021-04-25,9500,5.8
2021-04-26,9500,7.57
2021-04-27,9500,7.7
2021-04-28,9500,7.57
2021-04-29,9500,7.57
2021-04-30,9500,0.3
2021-05-01,9438,4.41
2021-05-02,9438,0
2021-05-03,9500,1.5
2021-05-04,9500,4.41
2021-05-05,9500,4.41
2021-05-06,9500,6.3
2021-05-07,9500,0.1
2021-05-08,9438,1.2
2021-05-09,9438,0.2
2021-05-10,9500,0
2021-05-11,9500,3
2021-05-12,9438,3.7
2021-05-13,9438,7.9
2021-05-14,9438,4.41
2021-05-15,9438,0
2021-05-16,9438,4.41
2021-05-17,9500,4.41
2021-05-18,9500,0
2021-05-19,9500,4.41
2021-05-20,9500,4.41
2021-05-21,9438,4.41
2021-05-22,9438,1.5
2021-05-23,9438,4.41
2021-05-24,9500,4.41
2021-05-25,9500,4.41
2021-05-26,9438,0
2021-05-27,9500,4.41
2021-05-28,9000,2
2021-05-29,9438,46.4
2021-05-30,9438,1.1
2021-05-31,9000,4.41
2021-06-01,9000,3.9
2021-06-02,9000,18.15
2021-06-03,9000,0
2021-06-04,9000,18.15
2021-06-05,9000,18.15
2021-06-06,9000,18.15
2021-06-07,9000,3.5
2021-06-08,9000,18.15
2021-06-09,9000,0
2021-06-10,9000,10.5
2021-06-11,9000,28.6
2021-06-12,9000,42.8
2021-06-13,9000,18.15
2021-06-14,9000,0.4
2021-06-15,9000,18.15
2021-06-16,9000,0.8
2021-06-17,9000,17.2
2021-06-18,9000,0
2021-06-19,9000,2
2021-06-20,9000,78.8
2021-06-21,9000,18.15
2021-06-22,9000,7.3
2021-06-23,9000,48.6
2021-06-24,9000,62
2021-06-25,9000,20.8
2021-06-26,9000,1.2
2021-06-27,9000,1
2021-06-28,9000,48.8
2021-06-29,9000,0.5
2021-06-30,9000,20.6
2021-07-01,9000,15.2
2021-07-02,9000,0
2021-07-03,9000,6.3
2021-07-04,9000,0
2021-07-05,9000,6.14
2021-07-06,9000,6.14
2021-07-07,9000,6.14
2021-07-08,9000,0
2021-07-09,9000,6.14
2021-07-10,9000,33.8
2021-07-11,9000,6.14
2021-07-12,9000,6.14
2021-07-13,9000,6.14
2021-07-14,9000,6.14
2021-07-15,9000,0.2
2021-07-16,9000,6.14
2021-07-17,9000,0.2
2021-07-18,9000,6.14
2021-07-19,9000,6.14
2021-07-20,9000,6.14
2021-07-21,9000,0.5
2021-07-22,9000,6.14
2021-07-23,9000,6.14
2021-07-24,9000,3.1
2021-07-25,9000,6.14
2021-07-26,9000,0
2021-07-27,9000,0
2021-07-28,9000,1.5
2021-07-29,9000,0
2021-07-30,9000,32.6
2021-07-31,9000,4.8
2021-08-01,9000,1.5
2021-08-02,9000,9.3
2021-08-03,9000,15.4
2021-08-04,9000,25.1
2021-08-05,9000,23.5
2021-08-06,9000,0.1
2021-08-07,9000,0
2021-08-08,9000,5.12
2021-08-09,9000,5.12
2021-08-10,9000,1.8
2021-08-11,9000,5.12
2021-08-12,9000,0.5
2021-08-13,9000,0
2021-08-14,9000,3.8
2021-08-15,9000,0.6
2021-08-16,9000,6.8
2021-08-17,9000,0
2021-08-18,9000,0.6
2021-08-19,9000,1.3
2021-08-20,9000,0
2021-08-21,9000,6.5
2021-08-22,9000,19.6
2021-08-23,9000,0
2021-08-24,9000,5.12
2021-08-25,9000,5.12
2021-08-26,9000,5
2021-08-27,9000,0
2021-08-28,9000,5.12
2021-08-29,9000,0.3
2021-08-30,9000,0.5
2021-08-31,9000,5.8
2021-09-01,9000,0.6
2021-09-02,9000,7.54
2021-09-03,9000,7.54
2021-09-04,9000,7.54
2021-09-05,9000,0.8
2021-09-06,9000,4.7
2021-09-07,9000,7.54
2021-09-08,9000,1.5
2021-09-09,9000,1.9
2021-09-10,9000,4.5
2021-09-11,9000,1.5
2021-09-12,9000,6.3
2021-09-13,9000,12.5
2021-09-14,9000,2
2021-09-15,9000,25.3
2021-09-16,9000,64.4
2021-09-17,9000,0.2
2021-09-18,9000,0.2
2021-09-19,9000,0.2
2021-09-20,9000,2
2021-09-21,9000,27.5
2021-09-22,9000,7.4
2021-09-23,9000,11.3
2021-09-24,9000,5.9
2021-09-25,9000,0.1
2021-09-26,9000,7.54
2021-09-27,9000,0.2
2021-09-28,9000,0
2021-09-29,9000,0
2021-09-30,9000,7.54
2021-10-01,9000,0
2021-10-02,9000,8.57
2021-10-03,9000,8.57
2021-10-04,9000,5.8
2021-10-05,9000,1.6
2021-10-06,9000,5.2
2021-10-07,9000,9.2
2021-10-08,9000,8.57
2021-10-09,9000,7
2021-10-10,9000,8.57
2021-10-11,9000,1.3
2021-10-12,9000,8.57
2021-10-13,9000,0
2021-10-14,9000,0.8
2021-10-15,9000,0
2021-10-16,9000,8.57
2021-10-17,9000,3.6
2021-10-18,9000,1.3
2021-10-19,9000,9.2
2021-10-20,9000,33.2
2021-10-21,9000,1
2021-10-22,9000,35
2021-10-23,9000,0.7
2021-10-24,9000,1.8
2021-10-25,9000,7.3
2021-10-26,9000,11.6
2021-10-27,9000,33
2021-10-28,9000,18.5
2021-10-29,9000,2.3
2021-10-30,9000,16.3
2021-10-31,9000,8.57
2021-11-01,9000,66.6
2021-11-02,9000,14.8
2021-11-03,9000,11.2
2021-11-04,9000,20.1
2021-11-05,9000,17.1
2021-11-06,9316,27.5
2021-11-07,9316,8.9
2021-11-08,9000,4.9
2021-11-09,9000,0
2021-11-10,9500,51
2021-11-11,9500,21.4
2021-11-12,9316,15.8
2021-11-13,9316,5.5
2021-11-14,9316,97.3
2021-11-15,9500,21.1
2021-11-16,9500,4.4
2021-11-17,9500,32.9
2021-11-18,9500,22.68
2021-11-19,9316,16.3
2021-11-20,9316,21.5
2021-11-21,9316,9.3
2021-11-22,9500,8
2021-11-23,9500,1.4
2021-11-24,9500,43.2
2021-11-25,9500,0
2021-11-26,9316,4.5
2021-11-27,9316,12.5
2021-11-28,9316,75.2
2021-11-29,9500,22.68
2021-11-30,9500,22.68
2021-12-01,9500,1
2021-12-02,9500,0.5
2021-12-03,9500,12.86
2021-12-04,9500,24.9
2021-12-05,9500,27.6
2021-12-06,9500,12.86
2021-12-07,9500,1.9
2021-12-08,9500,5.6
2021-12-09,9500,12.86
2021-12-10,9500,4.6
2021-12-11,9500,0.5
2021-12-12,9500,44.2
2021-12-13,9500,57.7
2021-12-14,9500,3.2
2021-12-15,9500,0.6
2021-12-16,9500,6.2
2021-12-17,9500,13.9
2021-12-18,9500,34.1
2021-12-19,9500,12.86
2021-12-20,9500,30
2021-12-21,9500,1.5
2021-12-22,9500,0.6
2021-12-23,9500,40.2
2021-12-24,9500,0
2021-12-25,9500,5.4
2021-12-26,9500,1.5
2021-12-27,9500,12.86
2021-12-28,9500,20.5
2021-12-29,9500,3.9
2021-12-30,9500,1.4
2021-12-31,9500,2.9
2022-01-01,10382,1.8
2022-01-02,10382,4.5
2022-01-03,10000,0.5
2022-01-04,10000,0
2022-01-05,10382,0
2022-01-06,10000,0.4
2022-01-07,10000,2.3
2022-01-08,10382,70.5
2022-01-09,10382,22.5
2022-01-10,10500,2.1
2022-01-11,10500,17.5
2022-01-12,10500,33.5
2022-01-13,10500,6.2
2022-01-14,10500,38.8
2022-01-15,10382,0
2022-01-16,10382,2.4
2022-01-17,10500,0
2022-01-18,10500,13.01
2022-01-19,10500,11.2
2022-01-20,10382,108.5
2022-01-21,10382,6
2022-01-22,10382,6.4
2022-01-23,10382,0.7
2022-01-24,10500,1.2
2022-01-25,10382,13.01
2022-01-26,10500,1.2
2022-01-27,10500,2.7
2022-01-28,10500,16
2022-01-29,10382,3.5
2022-01-30,10382,13.01
2022-01-31,10500,4
2022-02-01,10500,5.2
2022-02-02,10500,1.3
2022-02-03,10500,27
2022-02-04,10500,12.29
2022-02-05,10500,26
2022-02-06,10500,2.6
2022-02-07,10500,6.8
2022-02-08,10500,12.29
2022-02-09,10500,0
2022-02-10,10500,1.5
2022-02-11,10500,12.29
2022-02-12,10500,1
2022-02-13,10500,0
2022-02-14,10500,19.6
2022-02-15,10500,12.29
2022-02-16,10500,102.9
2022-02-17,10500,10.5
2022-02-18,10500,2.2
2022-02-19,10500,12.29
2022-02-20,10500,30.5
2022-02-21,10500,12.29
2022-02-22,10500,0
2022-02-23,10500,6.2
2022-02-24,10500,0.8
2022-02-25,10500,0
2022-02-26,10500,12.29
2022-02-27,10500,12.29
2022-02-28,10500,1.7
2022-03-01,10500,0
2022-03-02,10500,4.3
2022-03-03,10500,2.3
2022-03-04,10500,1.5
2022-03-05,10500,0.6
2022-03-06,10500,17.1
2022-03-07,10500,21.4
2022-03-08,10500,11.1
2022-03-09,10500,25.1
2022-03-10,10500,25.8
2022-03-11,10500,1
2022-03-12,10500,0.3
2022-03-13,10500,6.6
2022-03-14,10500,6.8
2022-03-15,10500,109.3
2022-03-16,10500,10
2022-03-17,10500,17.78
2022-03-18,10500,78.5
2022-03-19,10500,17.78
2022-03-20,10500,54.4
2022-03-21,10500,0.8
2022-03-22,10500,17.78
2022-03-23,10500,10.2
2022-03-24,10500,16.3
2022-03-25,10500,17.78
2022-03-26,10500,34.6
2022-03-27,10500,0.9
2022-03-28,10500,0
2022-03-29,10500,17.78
2022-03-30,10500,17.78
2022-03-31,10500,5.5
2022-04-01,10500,15.55
2022-04-02,10500,15.55
2022-04-03,10500,66.9
2022-04-04,10500,12.1
2022-04-05,10500,0.6
2022-04-06,10500,11.6
2022-04-07,10500,1.1
2022-04-08,10500,46.1
2022-04-09,10500,0.7
2022-04-10,10500,0
2022-04-11,10500,15.55
2022-04-12,10500,1.5
2022-04-13,10500,15.55
2022-04-14,10500,2.2
2022-04-15,10500,15.55
2022-04-16,10500,15.55
2022-04-17,10500,15.55
2022-04-18,10500,15.55
2022-04-19,10500,25.4
2022-04-20,10500,13
2022-04-21,10500,46.2
2022-04-22,10500,15.55
2022-04-23,10500,35
2022-04-24,10500,0
2022-04-25,10500,8.3
2022-04-26,10500,15.55
2022-04-27,10500,7.7
2022-04-28,10500,15.55
2022-04-29,10500,1.5
2022-04-30,10500,15.55
2022-05-01,10000,11.21
2022-05-02,10000,4.4
2022-05-03,10000,1.1
2022-05-04,10000,34.4
2022-05-05,10000,66.1
2022-05-06,10000,0.6
2022-05-07,10000,0
2022-05-08,10000,11.21
2022-05-09,10000,11.21
2022-05-10,10000,1
2022-05-11,10000,12.5
2022-05-12,10000,11.21
2022-05-13,10000,11.21
2022-05-14,10000,1.8
2022-05-15,10000,11.21
2022-05-16,10000,7
2022-05-17,10000,4
2022-05-18,10000,11.21
2022-05-19,10000,23.9
2022-05-20,10000,10.3
2022-05-21,10000,0.4
2022-05-22,10000,4.5
2022-05-23,10000,11.21
2022-05-24,10000,11.21
2022-05-25,10000,9.1
2022-05-26,10000,11.21
2022-05-27,10000,20.7
2022-05-28,10000,11.21
2022-05-29,10000,11.21
2022-05-30,10000,11.21
2022-05-31,10000,0
2022-06-01,10000,10.2
2022-06-02,10000,3.2
2022-06-03,10000,1.8
2022-06-04,10000,13.48
2022-06-05,10000,13.48
2022-06-06,10000,10.1
2022-06-07,10000,2.9
2022-06-08,10000,0
2022-06-09,10000,11.3
2022-06-10,10000,13.48
2022-06-11,10000,43
2022-06-12,10000,4.8
2022-06-13,10000,13.48
2022-06-14,10000,13.48
2022-06-15,10000,28.2
2022-06-16,10000,13.48
2022-06-17,10000,17.4
2022-06-18,10000,0.5
2022-06-19,10000,13.48
2022-06-20,10000,23.5
2022-06-21,10000,6.6
2022-06-22,10000,0.1
2022-06-23,10000,13.48
2022-06-24,10000,6.5
2022-06-25,10000,2.2
2022-06-26,10000,27.2
2022-06-27,10000,25.6
2022-06-28,10000,57.9
2022-06-29,10000,0
2022-06-30,10000,13.48